[
  {
    "model": "auth.permission",
    "pk": 1,
    "fields": {
      "name": "Can add log entry",
      "content_type": 1,
      "codename": "add_logentry"
    }
  },
  {
    "model": "auth.permission",
    "pk": 2,
    "fields": {
      "name": "Can change log entry",
      "content_type": 1,
      "codename": "change_logentry"
    }
  },
  {
    "model": "auth.permission",
    "pk": 3,
    "fields": {
      "name": "Can delete log entry",
      "content_type": 1,
      "codename": "delete_logentry"
    }
  },
  {
    "model": "auth.permission",
    "pk": 4,
    "fields": {
      "name": "Can view log entry",
      "content_type": 1,
      "codename": "view_logentry"
    }
  },
  {
    "model": "auth.permission",
    "pk": 5,
    "fields": {
      "name": "Can add permission",
      "content_type": 2,
      "codename": "add_permission"
    }
  },
  {
    "model": "auth.permission",
    "pk": 6,
    "fields": {
      "name": "Can change permission",
      "content_type": 2,
      "codename": "change_permission"
    }
  },
  {
    "model": "auth.permission",
    "pk": 7,
    "fields": {
      "name": "Can delete permission",
      "content_type": 2,
      "codename": "delete_permission"
    }
  },
  {
    "model": "auth.permission",
    "pk": 8,
    "fields": {
      "name": "Can view permission",
      "content_type": 2,
      "codename": "view_permission"
    }
  },
  {
    "model": "auth.permission",
    "pk": 9,
    "fields": {
      "name": "Can add group",
      "content_type": 3,
      "codename": "add_group"
    }
  },
  {
    "model": "auth.permission",
    "pk": 10,
    "fields": {
      "name": "Can change group",
      "content_type": 3,
      "codename": "change_group"
    }
  },
  {
    "model": "auth.permission",
    "pk": 11,
    "fields": {
      "name": "Can delete group",
      "content_type": 3,
      "codename": "delete_group"
    }
  },
  {
    "model": "auth.permission",
    "pk": 12,
    "fields": {
      "name": "Can view group",
      "content_type": 3,
      "codename": "view_group"
    }
  },
  {
    "model": "auth.permission",
    "pk": 13,
    "fields": {
      "name": "Can add content type",
      "content_type": 4,
      "codename": "add_contenttype"
    }
  },
  {
    "model": "auth.permission",
    "pk": 14,
    "fields": {
      "name": "Can change content type",
      "content_type": 4,
      "codename": "change_contenttype"
    }
  },
  {
    "model": "auth.permission",
    "pk": 15,
    "fields": {
      "name": "Can delete content type",
      "content_type": 4,
      "codename": "delete_contenttype"
    }
  },
  {
    "model": "auth.permission",
    "pk": 16,
    "fields": {
      "name": "Can view content type",
      "content_type": 4,
      "codename": "view_contenttype"
    }
  },
  {
    "model": "auth.permission",
    "pk": 17,
    "fields": {
      "name": "Can add session",
      "content_type": 5,
      "codename": "add_session"
    }
  },
  {
    "model": "auth.permission",
    "pk": 18,
    "fields": {
      "name": "Can change session",
      "content_type": 5,
      "codename": "change_session"
    }
  },
  {
    "model": "auth.permission",
    "pk": 19,
    "fields": {
      "name": "Can delete session",
      "content_type": 5,
      "codename": "delete_session"
    }
  },
  {
    "model": "auth.permission",
    "pk": 20,
    "fields": {
      "name": "Can view session",
      "content_type": 5,
      "codename": "view_session"
    }
  },
  {
    "model": "auth.permission",
    "pk": 21,
    "fields": {
      "name": "Can add Token",
      "content_type": 6,
      "codename": "add_token"
    }
  },
  {
    "model": "auth.permission",
    "pk": 22,
    "fields": {
      "name": "Can change Token",
      "content_type": 6,
      "codename": "change_token"
    }
  },
  {
    "model": "auth.permission",
    "pk": 23,
    "fields": {
      "name": "Can delete Token",
      "content_type": 6,
      "codename": "delete_token"
    }
  },
  {
    "model": "auth.permission",
    "pk": 24,
    "fields": {
      "name": "Can view Token",
      "content_type": 6,
      "codename": "view_token"
    }
  },
  {
    "model": "auth.permission",
    "pk": 25,
    "fields": {
      "name": "Can add token",
      "content_type": 7,
      "codename": "add_tokenproxy"
    }
  },
  {
    "model": "auth.permission",
    "pk": 26,
    "fields": {
      "name": "Can change token",
      "content_type": 7,
      "codename": "change_tokenproxy"
    }
  },
  {
    "model": "auth.permission",
    "pk": 27,
    "fields": {
      "name": "Can delete token",
      "content_type": 7,
      "codename": "delete_tokenproxy"
    }
  },
  {
    "model": "auth.permission",
    "pk": 28,
    "fields": {
      "name": "Can view token",
      "content_type": 7,
      "codename": "view_tokenproxy"
    }
  },
  {
    "model": "auth.permission",
    "pk": 29,
    "fields": {
      "name": "Can add user",
      "content_type": 8,
      "codename": "add_user"
    }
  },
  {
    "model": "auth.permission",
    "pk": 30,
    "fields": {
      "name": "Can change user",
      "content_type": 8,
      "codename": "change_user"
    }
  },
  {
    "model": "auth.permission",
    "pk": 31,
    "fields": {
      "name": "Can delete user",
      "content_type": 8,
      "codename": "delete_user"
    }
  },
  {
    "model": "auth.permission",
    "pk": 32,
    "fields": {
      "name": "Can view user",
      "content_type": 8,
      "codename": "view_user"
    }
  },
  {
    "model": "auth.permission",
    "pk": 33,
    "fields": {
      "name": "Can add questions categorized by level to show it to students",
      "content_type": 9,
      "codename": "add_questionbank"
    }
  },
  {
    "model": "auth.permission",
    "pk": 34,
    "fields": {
      "name": "Can change questions categorized by level to show it to students",
      "content_type": 9,
      "codename": "change_questionbank"
    }
  },
  {
    "model": "auth.permission",
    "pk": 35,
    "fields": {
      "name": "Can delete questions categorized by level to show it to students",
      "content_type": 9,
      "codename": "delete_questionbank"
    }
  },
  {
    "model": "auth.permission",
    "pk": 36,
    "fields": {
      "name": "Can view questions categorized by level to show it to students",
      "content_type": 9,
      "codename": "view_questionbank"
    }
  },
  {
    "model": "auth.permission",
    "pk": 37,
    "fields": {
      "name": "Can add stats on each student",
      "content_type": 10,
      "codename": "add_studentstats"
    }
  },
  {
    "model": "auth.permission",
    "pk": 38,
    "fields": {
      "name": "Can change stats on each student",
      "content_type": 10,
      "codename": "change_studentstats"
    }
  },
  {
    "model": "auth.permission",
    "pk": 39,
    "fields": {
      "name": "Can delete stats on each student",
      "content_type": 10,
      "codename": "delete_studentstats"
    }
  },
  {
    "model": "auth.permission",
    "pk": 40,
    "fields": {
      "name": "Can view stats on each student",
      "content_type": 10,
      "codename": "view_studentstats"
    }
  },
  {
    "model": "auth.permission",
    "pk": 41,
    "fields": {
      "name": "Can add track answers submitted by the students",
      "content_type": 11,
      "codename": "add_questiontracker"
    }
  },
  {
    "model": "auth.permission",
    "pk": 42,
    "fields": {
      "name": "Can change track answers submitted by the students",
      "content_type": 11,
      "codename": "change_questiontracker"
    }
  },
  {
    "model": "auth.permission",
    "pk": 43,
    "fields": {
      "name": "Can delete track answers submitted by the students",
      "content_type": 11,
      "codename": "delete_questiontracker"
    }
  },
  {
    "model": "auth.permission",
    "pk": 44,
    "fields": {
      "name": "Can view track answers submitted by the students",
      "content_type": 11,
      "codename": "view_questiontracker"
    }
  },
  {
    "model": "contenttypes.contenttype",
    "pk": 1,
    "fields": {
      "app_label": "admin",
      "model": "logentry"
    }
  },
  {
    "model": "contenttypes.contenttype",
    "pk": 2,
    "fields": {
      "app_label": "auth",
      "model": "permission"
    }
  },
  {
    "model": "contenttypes.contenttype",
    "pk": 3,
    "fields": {
      "app_label": "auth",
      "model": "group"
    }
  },
  {
    "model": "contenttypes.contenttype",
    "pk": 4,
    "fields": {
      "app_label": "contenttypes",
      "model": "contenttype"
    }
  },
  {
    "model": "contenttypes.contenttype",
    "pk": 5,
    "fields": {
      "app_label": "sessions",
      "model": "session"
    }
  },
  {
    "model": "contenttypes.contenttype",
    "pk": 6,
    "fields": {
      "app_label": "authtoken",
      "model": "token"
    }
  },
  {
    "model": "contenttypes.contenttype",
    "pk": 7,
    "fields": {
      "app_label": "authtoken",
      "model": "tokenproxy"
    }
  },
  {
    "model": "contenttypes.contenttype",
    "pk": 8,
    "fields": {
      "app_label": "users",
      "model": "user"
    }
  },
  {
    "model": "contenttypes.contenttype",
    "pk": 9,
    "fields": {
      "app_label": "mathops",
      "model": "questionbank"
    }
  },
  {
    "model": "contenttypes.contenttype",
    "pk": 10,
    "fields": {
      "app_label": "mathops",
      "model": "studentstats"
    }
  },
  {
    "model": "contenttypes.contenttype",
    "pk": 11,
    "fields": {
      "app_label": "mathops",
      "model": "questiontracker"
    }
  },
  {
    "model": "sessions.session",
    "pk": "l0z8ws3m6lauk6l24eaa8qbktxqay74c",
    "fields": {
      "session_data": ".eJxVjTsOwjAQBe_iGlve2Gt7KdNzhmj9IwGUSPlUiLuTSCmgfjPz3qLjbe27bSlzN2RxFeQMBvBepqCttEgkucYgmakGz7Ehp8XlV4ucnmU83Pzg8T6pNI3rPER1IOpcF3Wbcnm1J_sX6Hnpdxs1JoSasTZIztfApCNa14AB60J2Zb-2xZtSAyQNnlwyZOAgC9ksPl90KT-i:1kkSRr:7rX0FWmnmwQjiPJHsQGTpNI3ffzVgUA_TShLeeR7zuw",
      "expire_date": "2020-12-16T13:45:35.494Z"
    }
  },
  {
    "model": "authtoken.token",
    "pk": "d19ddc0c6308f2fca7821a43948c455273b7da91",
    "fields": {
      "user": "dc73d730-4286-4cd9-a2b8-b7346a8518c7",
      "created": "2020-12-02T14:30:57.145Z"
    }
  },
  {
    "model": "authtoken.token",
    "pk": "fdac1fca4603917129e060debd89a405f23d4722",
    "fields": {
      "user": "96358177-c804-4599-afb8-aa9f87ab2960",
      "created": "2020-12-02T13:45:29.008Z"
    }
  },
  {
    "model": "users.user",
    "pk": "96358177-c804-4599-afb8-aa9f87ab2960",
    "fields": {
      "password": "pbkdf2_sha256$216000$XWoQAbokwyvS$ouBGGVhtAz1gBSMj5O1P+0Bt9bAaU3tlho8pkNHvek0=",
      "last_login": "2020-12-02T13:45:35.487Z",
      "is_superuser": true,
      "username": "admin",
      "first_name": "",
      "last_name": "",
      "email": "admin@admin.com",
      "is_staff": true,
      "is_active": true,
      "date_joined": "2020-12-02T13:45:28.851Z",
      "groups": [],
      "user_permissions": []
    }
  },
  {
    "model": "users.user",
    "pk": "dc73d730-4286-4cd9-a2b8-b7346a8518c7",
    "fields": {
      "password": "pbkdf2_sha256$216000$AHOEvNzwUL27$zHZG8jnJyKIevHCxulNquAW0vYuq4hyhYzrxtK5H1m8=",
      "last_login": null,
      "is_superuser": false,
      "username": "test_user",
      "first_name": "Test",
      "last_name": "User",
      "email": "user@example.com",
      "is_staff": false,
      "is_active": true,
      "date_joined": "2020-12-02T14:30:57.021Z",
      "groups": [],
      "user_permissions": []
    }
  },
  {
    "model": "mathops.studentstats",
    "pk": 1,
    "fields": {
      "user": "96358177-c804-4599-afb8-aa9f87ab2960",
      "level": 1,
      "created_at": "2020-12-02T13:45:29.024Z",
      "updated_at": "2020-12-02T13:45:29.024Z"
    }
  },
  {
    "model": "mathops.studentstats",
    "pk": 2,
    "fields": {
      "user": "dc73d730-4286-4cd9-a2b8-b7346a8518c7",
      "level": 2,
      "created_at": "2020-12-02T14:30:57.155Z",
      "updated_at": "2020-12-02T14:35:02.484Z"
    }
  },
  {
    "model": "mathops.questionbank",
    "pk": 1,
    "fields": {
      "level": 1,
      "question": {
        "x": 3,
        "y": 7,
        "operator": "+"
      }
    }
  },
  {
    "model": "mathops.questionbank",
    "pk": 2,
    "fields": {
      "level": 1,
      "question": {
        "x": 0,
        "y": 8,
        "operator": "+"
      }
    }
  },
  {
    "model": "mathops.questionbank",
    "pk": 3,
    "fields": {
      "level": 1,
      "question": {
        "x": 3,
        "y": 7,
        "operator": "-"
      }
    }
  },
  {
    "model": "mathops.questionbank",
    "pk": 4,
    "fields": {
      "level": 1,
      "question": {
        "x": 3,
        "y": 3,
        "operator": "-"
      }
    }
  },
  {
    "model": "mathops.questionbank",
    "pk": 5,
    "fields": {
      "level": 1,
      "question": {
        "x": 3,
        "y": 7,
        "operator": "*"
      }
    }
  },
  {
    "model": "mathops.questionbank",
    "pk": 6,
    "fields": {
      "level": 1,
      "question": {
        "x": 3,
        "y": 3,
        "operator": "*"
      }
    }
  },
  {
    "model": "mathops.questionbank",
    "pk": 7,
    "fields": {
      "level": 1,
      "question": {
        "x": 3,
        "y": 3,
        "operator": "/"
      }
    }
  },
  {
    "model": "mathops.questionbank",
    "pk": 8,
    "fields": {
      "level": 1,
      "question": {
        "x": 0,
        "y": 7,
        "operator": "/"
      }
    }
  },
  {
    "model": "mathops.questionbank",
    "pk": 9,
    "fields": {
      "level": 2,
      "question": {
        "x": 11,
        "y": 7,
        "operator": "+"
      }
    }
  },
  {
    "model": "mathops.questionbank",
    "pk": 10,
    "fields": {
      "level": 2,
      "question": {
        "x": 4,
        "y": 14,
        "operator": "+"
      }
    }
  },
  {
    "model": "mathops.questionbank",
    "pk": 11,
    "fields": {
      "level": 2,
      "question": {
        "x": 12,
        "y": 9,
        "operator": "+"
      }
    }
  },
  {
    "model": "mathops.questionbank",
    "pk": 12,
    "fields": {
      "level": 2,
      "question": {
        "x": 0,
        "y": 17,
        "operator": "-"
      }
    }
  },
  {
    "model": "mathops.questionbank",
    "pk": 13,
    "fields": {
      "level": 2,
      "question": {
        "x": 19,
        "y": 7,
        "operator": "-"
      }
    }
  },
  {
    "model": "mathops.questionbank",
    "pk": 14,
    "fields": {
      "level": 2,
      "question": {
        "x": 20,
        "y": 7,
        "operator": "-"
      }
    }
  },
  {
    "model": "mathops.questionbank",
    "pk": 15,
    "fields": {
      "level": 2,
      "question": {
        "x": 13,
        "y": 1,
        "operator": "*"
      }
    }
  },
  {
    "model": "mathops.questionbank",
    "pk": 16,
    "fields": {
      "level": 2,
      "question": {
        "x": 10,
        "y": 7,
        "operator": "*"
      }
    }
  },
  {
    "model": "mathops.questionbank",
    "pk": 17,
    "fields": {
      "level": 2,
      "question": {
        "x": 17,
        "y": 7,
        "operator": "*"
      }
    }
  },
  {
    "model": "mathops.questionbank",
    "pk": 18,
    "fields": {
      "level": 2,
      "question": {
        "x": 0,
        "y": 17,
        "operator": "/"
      }
    }
  },
  {
    "model": "mathops.questionbank",
    "pk": 19,
    "fields": {
      "level": 2,
      "question": {
        "x": 18,
        "y": 6,
        "operator": "/"
      }
    }
  },
  {
    "model": "mathops.questionbank",
    "pk": 20,
    "fields": {
      "level": 2,
      "question": {
        "x": 15,
        "y": 7,
        "operator": "/"
      }
    }
  },
  {
    "model": "mathops.questionbank",
    "pk": 21,
    "fields": {
      "level": 3,
      "question": {
        "x": 1.52,
        "y": 2.31,
        "operator": "+"
      }
    }
  },
  {
    "model": "mathops.questionbank",
    "pk": 22,
    "fields": {
      "level": 3,
      "question": {
        "x": 4.51,
        "y": 7.23,
        "operator": "+"
      }
    }
  },
  {
    "model": "mathops.questionbank",
    "pk": 23,
    "fields": {
      "level": 3,
      "question": {
        "x": 3.12,
        "y": 3.14,
        "operator": "+"
      }
    }
  },
  {
    "model": "mathops.questionbank",
    "pk": 24,
    "fields": {
      "level": 3,
      "question": {
        "x": 4.89,
        "y": 3.45,
        "operator": "+"
      }
    }
  },
  {
    "model": "mathops.questionbank",
    "pk": 25,
    "fields": {
      "level": 3,
      "question": {
        "x": 1.5,
        "y": 3.4,
        "operator": "-"
      }
    }
  },
  {
    "model": "mathops.questionbank",
    "pk": 26,
    "fields": {
      "level": 3,
      "question": {
        "x": 9.21,
        "y": 4.45,
        "operator": "-"
      }
    }
  },
  {
    "model": "mathops.questionbank",
    "pk": 27,
    "fields": {
      "level": 3,
      "question": {
        "x": 3.15,
        "y": 2.15,
        "operator": "-"
      }
    }
  },
  {
    "model": "mathops.questionbank",
    "pk": 28,
    "fields": {
      "level": 3,
      "question": {
        "x": 1.1,
        "y": 6.21,
        "operator": "-"
      }
    }
  },
  {
    "model": "mathops.questionbank",
    "pk": 29,
    "fields": {
      "level": 3,
      "question": {
        "x": 2.31,
        "y": 3.51,
        "operator": "*"
      }
    }
  },
  {
    "model": "mathops.questionbank",
    "pk": 30,
    "fields": {
      "level": 3,
      "question": {
        "x": 3.12,
        "y": 2.12,
        "operator": "*"
      }
    }
  },
  {
    "model": "mathops.questionbank",
    "pk": 31,
    "fields": {
      "level": 3,
      "question": {
        "x": 9.12,
        "y": 5.4,
        "operator": "*"
      }
    }
  },
  {
    "model": "mathops.questionbank",
    "pk": 32,
    "fields": {
      "level": 3,
      "question": {
        "x": 3.12,
        "y": 5.78,
        "operator": "*"
      }
    }
  },
  {
    "model": "mathops.questionbank",
    "pk": 33,
    "fields": {
      "level": 3,
      "question": {
        "x": 8.45,
        "y": 2,
        "operator": "/"
      }
    }
  },
  {
    "model": "mathops.questionbank",
    "pk": 34,
    "fields": {
      "level": 3,
      "question": {
        "x": 15.2,
        "y": 7.3,
        "operator": "/"
      }
    }
  },
  {
    "model": "mathops.questionbank",
    "pk": 35,
    "fields": {
      "level": 3,
      "question": {
        "x": 8.45,
        "y": 7.65,
        "operator": "/"
      }
    }
  },
  {
    "model": "mathops.questionbank",
    "pk": 36,
    "fields": {
      "level": 3,
      "question": {
        "x": 0.12,
        "y": 0.12,
        "operator": "/"
      }
    }
  },
  {
    "model": "mathops.questiontracker",
    "pk": "06f0c32c-ba1d-4d78-ace5-58855d81fa37",
    "fields": {
      "student_stats": 2,
      "question_bank": 20,
      "time_to_answer": "00:00:21.034876",
      "submitted": true,
      "created_at": "2020-12-02T14:34:41.429Z",
      "updated_at": "2020-12-02T14:35:02.464Z"
    }
  },
  {
    "model": "mathops.questiontracker",
    "pk": "1238079c-8ddd-494f-ae44-504ce48ee2f2",
    "fields": {
      "student_stats": 2,
      "question_bank": 15,
      "time_to_answer": "00:00:11.023939",
      "submitted": true,
      "created_at": "2020-12-02T14:34:14.490Z",
      "updated_at": "2020-12-02T14:34:25.514Z"
    }
  },
  {
    "model": "mathops.questiontracker",
    "pk": "375443fb-60b0-4dad-b99c-337bbd4ba626",
    "fields": {
      "student_stats": 2,
      "question_bank": 1,
      "time_to_answer": "00:00:07.893341",
      "submitted": true,
      "created_at": "2020-12-02T14:31:53.112Z",
      "updated_at": "2020-12-02T14:32:01.006Z"
    }
  },
  {
    "model": "mathops.questiontracker",
    "pk": "38e64c3a-3e93-4f70-b782-1603cd4361cd",
    "fields": {
      "student_stats": 2,
      "question_bank": 17,
      "time_to_answer": "00:00:30.527839",
      "submitted": true,
      "created_at": "2020-12-02T14:32:58.357Z",
      "updated_at": "2020-12-02T14:33:28.885Z"
    }
  },
  {
    "model": "mathops.questiontracker",
    "pk": "3e321e02-dcea-4ebc-8147-1ebb39411169",
    "fields": {
      "student_stats": 2,
      "question_bank": 5,
      "time_to_answer": "00:00:10.268022",
      "submitted": true,
      "created_at": "2020-12-02T14:31:27.446Z",
      "updated_at": "2020-12-02T14:31:37.715Z"
    }
  },
  {
    "model": "mathops.questiontracker",
    "pk": "3e640f2d-26fd-42fb-a421-df96f26f1d92",
    "fields": {
      "student_stats": 2,
      "question_bank": 8,
      "time_to_answer": "00:00:09.849946",
      "submitted": true,
      "created_at": "2020-12-02T14:31:40.497Z",
      "updated_at": "2020-12-02T14:31:50.347Z"
    }
  },
  {
    "model": "mathops.questiontracker",
    "pk": "74a27c0e-8f65-4d60-84e1-994d7fa32618",
    "fields": {
      "student_stats": 2,
      "question_bank": 18,
      "time_to_answer": "00:00:07.539899",
      "submitted": true,
      "created_at": "2020-12-02T14:33:32.181Z",
      "updated_at": "2020-12-02T14:33:39.721Z"
    }
  },
  {
    "model": "mathops.questiontracker",
    "pk": "756ca1f7-2c5f-45e1-9996-1626f8c7035e",
    "fields": {
      "student_stats": 2,
      "question_bank": 12,
      "time_to_answer": "00:00:10.042379",
      "submitted": true,
      "created_at": "2020-12-02T14:33:41.890Z",
      "updated_at": "2020-12-02T14:33:51.932Z"
    }
  },
  {
    "model": "mathops.questiontracker",
    "pk": "75b202ab-35e9-48e2-8e6a-a1cbd5e2a90e",
    "fields": {
      "student_stats": 2,
      "question_bank": 3,
      "time_to_answer": "00:00:10.059742",
      "submitted": true,
      "created_at": "2020-12-02T14:32:17.519Z",
      "updated_at": "2020-12-02T14:32:27.579Z"
    }
  },
  {
    "model": "mathops.questiontracker",
    "pk": "77556373-4606-49eb-a52e-e50e23d8b8e0",
    "fields": {
      "student_stats": 2,
      "question_bank": 16,
      "time_to_answer": "00:00:00",
      "submitted": false,
      "created_at": "2020-12-02T14:34:29.009Z",
      "updated_at": "2020-12-02T14:34:29.010Z"
    }
  },
  {
    "model": "mathops.questiontracker",
    "pk": "7bea8d02-1038-448c-9cc7-9e06bdc9619a",
    "fields": {
      "student_stats": 2,
      "question_bank": 3,
      "time_to_answer": "00:00:10.906149",
      "submitted": true,
      "created_at": "2020-12-02T14:32:04.024Z",
      "updated_at": "2020-12-02T14:32:14.930Z"
    }
  },
  {
    "model": "mathops.questiontracker",
    "pk": "b0b5a915-fc23-4c36-8ee7-fa326df27459",
    "fields": {
      "student_stats": 2,
      "question_bank": 8,
      "time_to_answer": "00:00:15.244151",
      "submitted": true,
      "created_at": "2020-12-02T14:31:08.868Z",
      "updated_at": "2020-12-02T14:31:24.112Z"
    }
  },
  {
    "model": "mathops.questiontracker",
    "pk": "b69ed5b7-7f6a-4b2a-b1b6-56dccb6eab7e",
    "fields": {
      "student_stats": 2,
      "question_bank": 3,
      "time_to_answer": "00:00:11.535801",
      "submitted": true,
      "created_at": "2020-12-02T14:32:44.053Z",
      "updated_at": "2020-12-02T14:32:55.589Z"
    }
  },
  {
    "model": "mathops.questiontracker",
    "pk": "d127f1c7-1a8c-4739-8336-524e2486ba4e",
    "fields": {
      "student_stats": 2,
      "question_bank": 17,
      "time_to_answer": "00:00:17.442101",
      "submitted": true,
      "created_at": "2020-12-02T14:33:54.485Z",
      "updated_at": "2020-12-02T14:34:11.927Z"
    }
  },
  {
    "model": "mathops.questiontracker",
    "pk": "d76b5bd8-0389-4b9c-b78c-b71628aa6da9",
    "fields": {
      "student_stats": 2,
      "question_bank": 8,
      "time_to_answer": "00:00:11.809037",
      "submitted": true,
      "created_at": "2020-12-02T14:32:29.982Z",
      "updated_at": "2020-12-02T14:32:41.791Z"
    }
  }
]
